Flow Duration,Total Fwd Packets,Total Backward Packets,Flow Bytes/s,Flow Packets/s,Fwd Packet Length Mean,Bwd Packet Length Mean,Destination Port,Protocol,Label
15796,94,281,67076.47738842748,8670.314961224485,428.8601838587402,954.1440696143133,22,6,ATTACK
861,238,195,749960.4703991777,5786.754085723934,1223.9204084529258,1369.9304213643552,80,6,BENIGN
76821,446,352,209905.59309558576,4386.154191895905,1292.054994545154,918.8602025172288,443,17,BENIGN
54887,453,195,898054.2894407137,7252.576604151365,1269.7715080354171,1310.5478901995175,80,6,BENIGN
6266,204,155,205139.64048200718,4866.689414247028,1378.3898004593316,1085.9595831991408,22,6,ATTACK
82387,400,93,190687.72066366658,8734.232380816606,378.3615302600424,180.83762460553538,22,6,ATTACK
37195,218,160,36549.66784809488,9007.018640112585,1132.5628931194174,1353.6799609287625,445,17,ATTACK
87499,474,434,472066.9451099993,4217.209268734554,690.80924591121,99.66576653366232,3306,6,ATTACK
44132,432,61,564841.1332626165,2768.277972350516,1262.9978293350923,800.9512088216457,3306,6,ATTACK
60264,341,122,65708.63942835237,5923.5032859336225,1092.7360157424198,213.2056856901865,23,6,ATTACK
16024,39,51,775527.6166950106,9123.63345616691,1164.6711697495869,17.559916096356098,80,6,BENIGN
41091,100,403,453288.8347480276,2106.621890056666,984.2427565216072,633.0513901914585,80,6,BENIGN
67222,289,277,524390.26932758,6229.665835634828,266.1431542045603,442.5610614812344,3389,6,ATTACK
64821,254,5,440762.74693822814,6315.602200925206,817.5403783454075,729.0007406964045,443,17,BENIGN
770,222,466,400763.060875326,7331.13022415281,1477.0046092867624,865.7998301018262,53,17,BENIGN
59736,357,92,559640.3313082178,1315.676851272598,1406.0820997456783,65.60860846342104,3306,6,ATTACK
62956,23,170,155240.2459307125,7158.249646820886,64.7606036955175,184.50494268561846,22,17,ATTACK
64926,250,317,181928.13049527112,9090.32520665641,247.22222359415568,837.963594675638,23,17,ATTACK
67970,10,22,861785.6210135173,1796.8310887024197,197.59316018184288,514.7510297589873,53,6,BENIGN
5312,246,405,946115.4621336327,2375.4332492387766,1088.9698649779432,1093.760231324172,21,17,ATTACK
83105,325,326,373309.31627975294,9713.950940416396,1226.6779947854177,978.4374728879095,23,17,ATTACK
53708,100,1,270744.6731435538,1809.7695270948977,320.26704946600785,1268.4065444848602,21,17,ATTACK
85306,290,133,643999.5432390157,8543.85093369579,758.7790394277434,1038.739240003838,21,17,ATTACK
28694,180,233,408734.1710980964,4922.778564480348,1261.0545420168,644.8966160852221,21,17,ATTACK
71933,223,12,25386.35566034486,2472.3107440317704,1099.2023171493759,1009.4499335916486,445,17,ATTACK
93017,394,346,156152.59736619037,8707.499012725113,813.3558082377724,413.0717613831278,445,17,ATTACK
25659,250,46,715972.2288473975,4453.052550026655,885.5215356881594,459.470248167319,445,17,ATTACK
84479,147,34,658923.9419101514,5148.173539296902,762.5408203744199,1183.47773988119,53,6,BENIGN
18432,442,433,27095.99250348349,3592.333693997657,446.32267697823085,669.6292746023732,23,6,ATTACK
2748,96,78,221972.16193294944,5929.508514349274,847.5329892885242,1197.5705107775289,23,17,ATTACK
59151,257,218,231074.7965880714,1635.2387258502276,1033.327953075136,1233.6335605024176,22,17,ATTACK
65726,325,301,671892.7435987284,3910.815366517607,1309.9843737912115,1286.3435064919256,445,6,ATTACK
84655,493,411,19710.537754364155,9694.123223352875,954.4370309688721,1374.952853761811,22,17,ATTACK
35774,4,73,104108.58198457384,2581.3343270112755,1141.682305564737,646.4778307699444,443,17,BENIGN
67436,16,282,799916.0853731894,6567.3666454129225,240.10745243185949,478.30022748170825,22,6,ATTACK
56887,280,249,178544.6620543336,3251.900642246949,692.3362116296848,873.2981198911708,53,6,BENIGN
66804,336,47,652746.1078518747,7734.731256866006,13.997429740639944,556.7586351564414,3306,6,ATTACK
31552,247,121,238182.7810467265,1308.7366071834983,370.0182967824345,901.6112502003494,21,17,ATTACK
11395,258,214,99441.39275934517,9698.210450785447,1089.6925726695072,1058.378793965737,445,17,ATTACK
69093,497,239,243172.1909994541,4537.895413836392,1487.7149270240452,1032.6075277382054,3306,6,ATTACK
3891,476,56,722266.9318556591,2360.5046334646395,148.76714938082387,561.829330530182,22,6,ATTACK
41607,384,350,855696.4681062858,734.9674733001266,602.2414737919324,250.29030254812923,21,17,ATTACK
96277,160,107,830219.8645669916,1697.5790508754073,1200.1064530487392,645.7940076933113,23,6,ATTACK
80039,475,319,397183.5296184548,5197.739485560177,306.05345194334825,213.8912161228631,80,17,BENIGN
87314,340,48,668085.1365706462,3370.031764312863,832.6274239534293,1335.1455527757125,21,17,ATTACK
10628,152,61,204984.29541582096,8288.833658826095,1099.6069440445121,518.8161911067862,53,6,BENIGN
8793,396,337,293147.73026101326,4308.87523661806,923.9781753902686,231.68962083498567,53,6,BENIGN
73970,178,26,896335.8185211198,2487.142725876299,282.0371019231242,38.171639858626314,22,17,ATTACK
43002,163,292,13001.923510736035,6171.449866040301,533.0768530286091,968.7335794297264,443,6,BENIGN
76553,380,257,85508.53085446807,7067.772168854458,1175.6876767280958,955.3534761821148,53,6,BENIGN
23898,33,8,207886.2551460273,1670.4190790094985,831.3397711980249,510.9062498719375,53,6,BENIGN
68149,417,113,26532.203873819715,1676.1921628831767,7.8444203143691045,107.56783327147652,22,6,ATTACK
23484,445,355,181435.4350897973,366.7142693354297,1141.4861400421407,614.443342342848,21,17,ATTACK
48556,179,253,583041.5609696922,7364.020150656405,52.967032410358605,466.8262425950904,443,17,BENIGN
17160,427,180,421424.5505924979,6638.045276218051,1118.6006740968483,1015.680959602514,3306,17,ATTACK
80078,101,207,892671.7110769749,4746.308757498139,303.72084024785613,908.6688741790355,80,17,BENIGN
35921,268,303,817443.5617384409,8441.70448969197,1437.1102201790702,546.8905922963099,445,6,ATTACK
92068,323,127,341817.35169787594,8056.701529500532,551.9111269531268,326.8388313824851,23,6,ATTACK
67122,65,56,259423.43343129248,5853.543643967521,490.39742450711867,1482.0539492333878,53,17,BENIGN
69480,417,214,379692.4081672669,8682.712805132587,223.33207549866702,681.0024317941723,22,17,ATTACK
89476,168,14,590294.9425148077,2058.4121003676823,458.4063232353223,1032.4113536703555,445,6,ATTACK
19458,330,474,268063.64082287624,1119.1961939772787,1314.976142742301,210.82945136754117,23,17,ATTACK
66558,43,28,624148.9078491341,2697.4961151698963,1494.501506440871,728.3845494890967,23,17,ATTACK
77190,44,471,409411.6521912404,570.8685608931485,552.4642957602725,41.30507980419823,3306,6,ATTACK
78954,285,78,552047.1808519802,5311.69528001032,672.9159464318138,758.1826768656749,3306,17,ATTACK
52996,397,216,436126.52913531667,9366.056922949614,1083.1064073041055,1446.0261106765536,3306,6,ATTACK
40758,12,386,294465.75954191765,393.4354066850965,1329.2936706976118,576.3100694787004,3389,6,ATTACK
9693,95,365,948453.3069621567,1221.099140100268,889.5665012801762,58.49401886236738,3389,17,ATTACK
45759,302,154,763605.7941597608,4521.990282834353,587.288547266744,46.43368637901529,23,6,ATTACK
72410,386,14,140113.17576645254,9338.750175279049,618.9327612729356,581.9801399203043,3306,17,ATTACK
71212,253,187,868467.9758979128,3161.561049767505,1043.4272197452103,240.03740469479106,53,6,BENIGN
65698,499,312,487431.19824951363,5072.348086883924,4.827395406418022,35.02814449227887,445,17,ATTACK
37066,242,371,894552.2268940915,415.72859050392094,929.3840061897611,1134.3204209252654,445,17,ATTACK
92094,35,7,799855.2559473153,1483.4320096208887,533.2395156620361,687.784513322836,3389,17,ATTACK
99300,215,3,425213.50446923345,9866.30122958847,1191.2959969156263,433.8671579589818,23,6,ATTACK
32607,337,111,22469.308320117398,9651.186964360455,139.48595973469824,1350.124774524721,22,6,ATTACK
11535,90,407,268677.35938494606,49.399809344096155,882.3034004225858,174.20844030078842,21,17,ATTACK
94664,264,238,541634.2146608669,9518.11785423239,721.4593348291857,1433.8782434329787,21,6,ATTACK
40398,93,363,633478.2198261473,6391.199378155004,963.4882888578411,470.9500760660292,3389,17,ATTACK
91388,410,239,257887.68543320228,8679.18294520022,97.28039172445251,1332.6055084630218,22,17,ATTACK
1017,458,493,139356.07407282412,4547.398556338591,869.9756811421969,904.4143147191924,3389,6,ATTACK
89790,90,274,834930.2367992991,5155.960285792503,842.2268819392856,1240.0610396122313,21,17,ATTACK
55592,418,294,984402.1807035521,4888.4658025692015,840.9901416242564,1476.0197448156964,22,6,ATTACK
89813,115,227,525690.1823026858,6668.642575461044,905.2314998946822,432.6081567281186,3306,17,ATTACK
23248,105,371,171679.2858483035,1396.5125475631291,1014.7019058395433,1441.7032281113895,23,6,ATTACK
24301,391,15,272307.326519369,299.7358987267795,1207.4834995211547,584.2228423536305,445,17,ATTACK
74066,196,192,18390.676547466734,3079.2994159119094,404.7310801923215,578.2678571053834,443,17,BENIGN
82799,314,473,914298.806560499,7046.807627366467,1237.574115270093,510.58065638175856,23,6,ATTACK
9269,114,119,117751.08289014113,2018.5345212294835,747.3835233951804,812.1114110213778,3306,17,ATTACK
86808,493,485,576516.4755142536,6734.324333249173,115.58741870149674,231.21756476773064,21,17,ATTACK
12186,75,28,274055.220687206,9699.120461072704,87.8263938659688,830.5672280370168,3306,6,ATTACK
63705,413,202,554178.0025157934,939.0071578941838,501.3574780440912,812.557218615006,3389,17,ATTACK
86780,376,39,651420.3883518642,6726.021182251263,1177.3454656672013,1142.852718907305,22,6,ATTACK
39100,420,441,829741.8037072016,4437.5021930457115,1061.5214021113736,1250.4749429063784,445,17,ATTACK
8572,217,273,206421.2717606032,8681.422543775054,1182.9224470086097,660.6620254686361,53,6,BENIGN
38045,277,231,10995.828658480477,1771.497894473859,775.903584662414,453.49987402724065,3389,17,ATTACK
51215,249,86,136885.63006880728,6926.2595222616455,660.2984969332358,389.00234597564173,23,17,ATTACK
61229,164,474,900018.6418481051,8381.152896481102,221.17879005942592,291.9357550573079,3389,17,ATTACK
48985,394,126,873890.0775625153,9446.142194740232,492.2891304139673,86.47137329853733,23,6,ATTACK
40775,357,300,597413.1021703084,6832.480282896458,651.0290492608129,513.67196825207,53,6,BENIGN
2569,457,25,600516.8604336533,4971.747640084273,132.90064451942584,405.37153819617487,80,6,BENIGN
62593,408,145,665036.6745462555,6178.472402012138,330.9179290668169,1449.626078799611,445,6,ATTACK
67564,192,13,175371.2786234496,8689.049844787181,897.3379410956082,836.5632393750659,443,17,BENIGN
2696,227,212,914411.9459249597,5706.097466388297,1103.4946713587847,520.9155585457613,3306,17,ATTACK
48191,177,25,418770.5248920731,303.8705969683686,1497.5212670894246,870.701401490544,80,6,BENIGN
5259,99,68,383138.52824949747,9309.486955069779,1399.6699970153365,208.79505201854326,3389,6,ATTACK
87539,496,394,518917.70528283756,6895.267510315612,963.8477993027873,666.0656238033043,3306,6,ATTACK
39505,36,67,46965.96677505504,6765.1338577724655,631.872079941108,939.3514821315957,80,17,BENIGN
33160,466,233,166283.3687560794,2156.751523977172,954.2660470623491,733.346747688677,22,6,ATTACK
13987,497,109,738033.6164263705,6588.854702326572,1178.477427120348,602.6682009814864,22,6,ATTACK
61859,487,146,82798.66792512647,3938.6440565415846,177.50428638508097,1490.7725833495472,3306,17,ATTACK
12667,96,111,603152.1094663882,6512.329770414921,614.8573345444323,1320.4721432233905,23,17,ATTACK
38661,152,228,245349.10968132096,1065.9303030799072,1259.7034284534259,935.1089372391601,23,6,ATTACK
3562,151,111,389295.6140419766,6578.45304603036,575.7494278995661,854.0660417734241,3389,17,ATTACK
26855,190,470,288693.73677069985,9994.137257706665,857.8084068407798,930.990719736876,80,6,BENIGN
64506,224,34,355672.71646494913,482.12038860556027,881.6540412932974,301.9681617336499,80,17,BENIGN
52252,37,111,719045.9051842454,9771.741842213172,276.71437970045906,592.706614896478,3306,6,ATTACK
22663,268,264,297121.715623175,4069.079607228706,543.3531624784325,59.18929933634898,21,6,ATTACK
8393,369,424,566404.6402968972,8707.534503372592,501.76693311289824,713.31905623024,22,6,ATTACK
30536,183,369,476050.40219909966,7823.854840582735,39.29506279809719,814.5368759364948,80,6,BENIGN
78604,13,236,663671.1653626481,5670.162609866678,36.28764583703287,341.6246041548144,3306,17,ATTACK
52257,279,83,936829.739324758,7384.492092513265,1247.5455655136602,1446.0432707482705,53,17,BENIGN
89136,217,42,732572.0972102503,8785.15561301348,409.6062149592186,1364.181916405863,443,17,BENIGN
35223,355,425,214940.37859075677,4041.40321651033,777.1181493582231,1083.2148531838588,53,17,BENIGN
77374,361,101,31183.135061284673,3270.3316156323867,448.08836038315957,800.0799431480439,445,6,ATTACK
79576,286,6,262264.0442998251,6675.933855635847,1411.0188676730108,1304.9537394715273,3389,6,ATTACK
96355,273,180,595077.9307002549,8078.459419412586,388.9451382986606,195.97851573519438,80,17,BENIGN
84652,369,282,51425.81348425035,7622.851347766157,644.4852191084026,1185.7646914123275,445,17,ATTACK
63336,62,320,496366.2472012364,7978.136488586345,1309.0953757269028,187.23122095027244,445,17,ATTACK
10966,84,226,596842.8489168892,4355.83314812933,1262.900350187713,1191.315993824108,3306,17,ATTACK
24539,368,443,334243.89081696083,8178.342161750216,279.152126769416,413.65135237703544,80,17,BENIGN
70593,217,440,770912.203745822,1202.0905537060844,1203.9649646935657,1315.6358715272834,443,6,BENIGN
98019,342,315,106598.25313377181,5444.890979608495,687.280330106839,1416.0631407380968,3306,6,ATTACK
8111,397,365,75137.78173580876,57.58660498121571,724.4533081280329,223.19395410767345,3306,6,ATTACK
79310,187,454,728188.7562036033,3245.858299002703,200.21995862391566,694.0134075980902,3389,17,ATTACK
27267,19,229,495491.3162061985,3664.6153487139786,120.90227063568697,1471.4810672440276,3389,17,ATTACK
52993,177,377,688402.396427736,3961.726916092554,1091.9089604606477,725.1111539597199,22,17,ATTACK
82949,100,289,434827.3386037462,6954.672066898622,744.6917285329496,1295.3212837718177,22,17,ATTACK
98807,396,437,246402.03323910682,3885.5810127034574,655.2760539227693,883.0972831969798,23,6,ATTACK
6911,445,150,819102.3176741997,4486.936226225306,1094.2623429785951,562.9948618794028,21,6,ATTACK
90983,233,277,799415.8789689792,2375.4413087432745,1148.2693484866645,428.6753332888053,80,17,BENIGN
207,403,198,694696.4708544267,3732.517916293401,238.36225150403035,304.8346366291309,80,6,BENIGN
87055,76,70,272145.1372299627,2272.6962726315146,915.3377242164619,1142.6972870665459,445,6,ATTACK
87898,265,112,590230.6668690871,731.9592376844364,203.0311234165283,579.8107602345418,80,17,BENIGN
23420,455,4,360973.8969400268,6034.485933813779,1127.0626290435684,766.9131933011267,80,17,BENIGN
50637,284,350,91582.07332663416,6682.1279855501625,985.4327344007093,738.4882200017729,21,17,ATTACK
50016,206,331,917313.5754622428,6194.903460096145,1434.921931625187,865.9185438496969,22,17,ATTACK
54269,223,446,136818.6309189614,4634.940438005723,103.43702453463177,1298.3657184368283,22,17,ATTACK
87940,384,318,950237.3538208024,3797.8578017922982,85.58208172688147,1471.109015375144,443,17,BENIGN
18142,52,350,446005.7729579557,8633.336495718253,423.28061203980025,611.3763128607254,80,6,BENIGN
80357,339,95,185132.92883861964,5190.817851362181,392.558525603859,1241.2783831594545,21,6,ATTACK
71911,367,152,541900.9473783581,4791.818776297309,370.46819860799974,1146.7916919820764,22,17,ATTACK
56045,144,311,872945.8358764083,256.42065806435687,1359.381870781555,860.2934271833599,21,6,ATTACK
67215,373,137,732224.8864095611,3412.4782762615637,374.31929977425915,1434.0707154178997,53,17,BENIGN
33828,69,247,806561.1478614497,3801.9561878585705,407.9245891929465,300.71177329260416,80,17,BENIGN
55821,99,387,658783.3667107173,3988.227808969005,1139.0973936269456,163.89631546443212,443,17,BENIGN
62624,396,243,692276.5645178525,5801.723692273323,674.60976367581,1280.9429504331333,445,17,ATTACK
81735,25,31,849195.6515653193,5336.025467268784,1165.0658354327718,658.7247249506224,22,6,ATTACK
75451,436,40,249668.00885918594,6079.050927934446,98.04923634657786,1270.4532813105907,53,17,BENIGN
93427,379,229,489424.96364314045,7648.832615421283,731.3567905100765,1339.6353077931224,21,6,ATTACK
22300,469,36,221209.44181960222,8129.857387160935,50.42040027492395,93.68639042860715,3389,17,ATTACK
43586,484,408,987668.007996647,7181.230762264944,93.97980518303179,1325.197144479091,3306,17,ATTACK
64045,53,223,944059.3396866133,9555.236959549347,1359.6561800166164,672.4785830541333,80,17,BENIGN
42558,151,6,39426.8113685059,182.3258267636163,208.86805667639274,765.6487335063483,80,6,BENIGN
49081,144,322,705575.1725156885,1957.779856835461,798.6310234128257,939.8887666398153,53,17,BENIGN
2694,57,468,925248.3174156658,75.6287497814212,616.6434039010599,1389.5739100951303,21,17,ATTACK
95004,39,220,180575.34512733354,6474.74714154603,521.014989388264,28.674141644646046,23,17,ATTACK
95260,109,75,567945.2305526295,8980.30548949987,1349.7500185309086,715.2652024767257,80,6,BENIGN
69164,181,4,915488.2975880419,2434.8229657629927,32.73509516323425,1031.583063645841,23,6,ATTACK
25940,42,335,33945.97858579884,9270.345447963067,995.6845292633836,1084.0604365473428,3389,6,ATTACK
48926,186,134,697420.2672468399,602.6739028956085,1445.0916513203256,1038.798647305662,53,17,BENIGN
42942,423,118,297349.0073725508,9344.360268055143,840.2522751927629,201.6526941121828,21,6,ATTACK
21835,398,369,924396.1953765304,3516.2268723963443,1405.2336930496378,449.09338255752186,21,17,ATTACK
18048,223,94,971058.2451653677,1014.2082844921651,78.38681892903566,538.0732881255202,3306,6,ATTACK
26106,122,486,944266.4891134339,4858.7175918632565,628.189978611242,1206.6558115192574,22,6,ATTACK
75767,133,435,474214.21665746375,2567.7656772050796,390.23668644307674,418.13980862182956,22,17,ATTACK
15708,163,62,862042.6509893134,2848.7290196192284,1096.2314474710947,316.05744580080477,445,6,ATTACK
21977,215,441,844549.3985350704,3072.8996492628658,1471.94563574587,1436.1720285571444,443,17,BENIGN
44263,221,194,319100.47324325563,8030.258978326634,384.7950936663717,13.29492767020335,53,17,BENIGN
23777,235,335,828915.4741506773,5391.612766752545,981.2619022111116,1496.7312835229673,3389,6,ATTACK
30081,331,203,37007.63471549262,3113.0769915600363,297.1464491396102,1015.2319482860934,21,17,ATTACK
66843,146,392,596269.878482053,6103.3378331091835,847.9953818574148,1242.7039491736757,3306,17,ATTACK
61374,239,26,230008.83728770306,7161.506742231935,695.8987300325043,441.9290945192897,23,6,ATTACK
6777,76,435,120566.8857772788,2726.240007335338,1458.0079944473057,21.472916500589967,53,6,BENIGN
92788,9,173,76953.20162920916,4135.491015253515,912.7909090446998,1106.804277842295,445,17,ATTACK
55017,74,300,696288.7758781398,1218.8609333694756,524.2595581302281,1251.2168955010136,53,6,BENIGN
9475,442,133,339874.96376806614,1811.4934953468032,171.14367733190005,1110.7141979302787,445,17,ATTACK
58054,492,326,724766.7715287615,6811.178539649828,226.87024310240184,214.2754309512579,21,17,ATTACK
21960,401,410,65356.34079894237,1814.3834769562695,337.97539492685263,1130.1418833854536,443,6,BENIGN
5531,253,118,315290.33783061034,5251.633836670601,376.449992010447,1153.3841731614614,445,6,ATTACK
94857,230,324,539491.2923753372,7090.462617224327,1275.9240867617068,987.8107735050824,21,6,ATTACK
3749,7,275,790723.1648389635,1068.7692309474385,841.8341824237874,1149.1738991933794,21,6,ATTACK
97505,174,212,318752.50293206994,5673.122196289036,785.0863670615497,1268.8821595165982,443,17,BENIGN
98099,141,225,625891.3764370091,2565.6278370136374,172.1533078038262,920.4061713561877,22,17,ATTACK
13546,168,20,885977.7482361872,9629.268752375798,1290.2095400241524,132.9070709545186,53,6,BENIGN
66200,170,113,615863.1881823046,4835.4564671992475,1084.2214548127256,731.4417145008163,80,6,BENIGN
34767,393,140,232959.47475363375,8059.925497751581,101.50254285000237,116.47400200740759,80,17,BENIGN
73531,434,47,24400.78155653802,5502.265421562618,1061.752645844653,611.3145465486463,23,17,ATTACK
93558,283,1,870098.8739009299,434.12532854819165,815.3073260139691,610.6597336884414,23,17,ATTACK
61088,122,90,21269.41085038714,6331.513755940224,122.58801862016739,99.01476621036237,80,17,BENIGN
95840,194,142,874701.6726841994,9514.03342206657,687.4509622929847,523.2308009542189,3389,6,ATTACK
68841,5,320,528937.134027212,6016.118201463312,727.0444306950704,166.49714818697225,80,17,BENIGN
54385,29,38,939067.6985128962,8191.888594267902,248.66181024491362,1212.3528150138332,23,17,ATTACK
51006,165,293,798783.2357736654,8842.064633484079,1418.5472205004235,1421.532038946706,3306,6,ATTACK
46577,422,382,997934.1105333375,2280.7977194893247,1274.9630572209928,108.47471288690791,23,17,ATTACK
39354,339,139,350711.81545171014,2120.4483990822664,1003.5335059936625,1432.6728109375522,3389,17,ATTACK
62004,136,356,767188.2889311269,6109.809888509917,693.4433415009108,783.8648990051178,53,6,BENIGN
83212,496,333,401930.9136092422,4110.284698067047,617.6483123767628,449.34851693081083,80,6,BENIGN
52734,365,491,479875.6203039088,8398.613028667203,976.4602007264313,115.29311291424527,443,6,BENIGN
65319,321,259,627505.4632183701,9000.231233980112,818.1478041103582,750.9364021056267,3306,17,ATTACK
89475,342,161,873677.1141863387,3534.213793027181,93.40965882282842,1191.773316736123,21,17,ATTACK
23665,145,390,984083.4691992952,2368.7055897448204,768.7539731554975,1060.6297159000471,3389,6,ATTACK
67173,327,178,768273.4138645182,7805.255152438618,1209.6054258492593,75.33901719596065,23,6,ATTACK
85617,217,10,417766.78216733376,2748.060355481361,688.8598163954371,109.35275305185527,443,17,BENIGN
93265,301,261,421357.0022770702,8226.143185136783,77.93486633140262,604.3099239489557,445,6,ATTACK
26737,132,407,737582.3015888915,4237.382536487628,1179.4172990760496,442.9357410719149,22,6,ATTACK
94210,292,138,238777.14576830235,6675.498992914705,302.0456732039616,348.57648458407175,80,6,BENIGN
855,70,172,110474.11313139465,955.3531383466818,387.93125233205814,421.5067483630704,22,17,ATTACK
90085,252,386,354622.15764077654,6238.59324676573,247.05953014844383,1205.2241149453268,3389,17,ATTACK
38624,415,13,287238.99165408174,4517.676787372291,495.3225973072463,1393.8420804477807,445,17,ATTACK
7393,275,168,296308.1204559901,5866.084631754741,1135.1272585329525,607.6540417913496,445,17,ATTACK
55681,445,130,233607.75104990994,1680.1420774486342,779.078789255906,1359.1665031987457,445,17,ATTACK
46718,364,84,42093.18963636188,7368.737449441821,307.32191122606883,482.24355187182294,21,17,ATTACK
87093,182,321,17873.93473341381,8627.970775432286,1316.7451172280612,714.6554795156874,3389,6,ATTACK
50860,167,319,987722.3897360315,2167.3980009077563,1319.3727824272937,339.04349672399957,53,17,BENIGN
26310,91,101,427773.1337358623,957.1455552016173,1305.8676375690104,960.714063263766,22,17,ATTACK
87456,202,329,384326.64715968166,236.38586046336397,358.19431707230893,1468.4716727622133,53,6,BENIGN
63735,346,273,679647.2826930699,6419.71500443266,676.8590162714821,905.239644065068,443,17,BENIGN
70468,19,265,218253.88786506417,6070.940360887807,1477.4844842113125,536.7211261703233,3306,17,ATTACK
52663,39,459,949961.1839502254,5466.9741271407,1158.0187144649856,971.7261689857926,3306,6,ATTACK
98507,126,399,786345.014415552,2319.470961159754,40.751131838339724,184.38101769808134,53,6,BENIGN
12689,451,408,89411.00231225952,3909.059959055147,97.80688689073807,1332.988620398098,80,6,BENIGN
25343,173,38,417580.77578492835,5944.76335186173,695.8970652184992,754.6259261697545,443,17,BENIGN
37158,141,419,879118.3075621647,4967.668588591694,1363.8303087923402,674.0246130594631,3389,6,ATTACK
67864,242,94,944732.0222914102,9877.855202148872,808.0526969290713,878.7971826802788,23,17,ATTACK
52084,220,95,467401.5112498697,1364.3975255673313,746.7187620514353,937.1757941841037,3306,17,ATTACK
65734,126,305,613411.3892107077,6951.445540475938,158.21054993494587,107.66370933976954,23,17,ATTACK
89046,58,69,167033.94609207523,4043.187681042921,985.1701570864411,1023.9258318351036,443,17,BENIGN
34699,148,318,991168.6261369765,4281.996149256148,1233.1547409003383,362.8975204732944,22,6,ATTACK
80624,476,444,231671.7013834434,7175.977656581762,570.6300112613435,1070.9289487598846,3306,6,ATTACK
22672,456,236,942731.7741351257,6924.361513243696,1163.4177763879911,1233.8021915762952,80,17,BENIGN
25185,317,434,649646.6489923685,9912.559937021882,1446.7149808512174,1205.9377613287804,80,6,BENIGN
93385,383,334,607736.7948788591,1283.9428945412524,305.64968869153364,828.7514511118337,445,17,ATTACK
42108,361,373,512688.51101650856,1041.0964938416635,784.994446792112,780.2548384661268,21,17,ATTACK
86203,423,376,230669.81171775868,7243.388171287412,430.7069371268633,214.31394200911757,443,17,BENIGN
51664,1,459,176528.03200550826,5783.869170064091,1189.281628550759,1163.0192256047035,3306,6,ATTACK
15709,387,137,220486.20907017536,2741.6066655980585,866.3900488217363,407.11407067007156,21,17,ATTACK
91907,461,418,186438.26214425452,794.193689889866,951.8736263254557,745.0431342269198,443,17,BENIGN
49812,348,76,779584.4735667533,856.5824959643054,1196.8712394238412,426.41113939127507,53,6,BENIGN
2812,190,483,350125.2591667301,8941.908746641182,593.9557089936824,200.74254449953972,3389,6,ATTACK
56251,191,35,57842.676563396366,1918.673247187429,1372.635102610565,944.3365453376049,3389,6,ATTACK
72083,369,1,969102.6301408113,3233.715621155208,799.5433008692099,81.49805223435574,445,6,ATTACK
34755,409,296,883785.8849634257,2266.5640222698803,236.93223425302202,1122.9678511893,445,17,ATTACK
95743,312,320,927752.283195213,3549.963058319373,1043.8486772532037,476.380192891675,3389,6,ATTACK
11412,417,406,994907.8226464352,694.2384274609336,1189.8920256573815,0.2020395067279801,22,17,ATTACK
2912,422,60,173895.2492194873,5190.597909082704,475.14251560129003,766.6937088558446,3306,6,ATTACK
67271,117,320,396242.0189026588,676.1256359221491,1285.7688854981295,70.27786279140469,3389,6,ATTACK
83764,134,349,758238.4757040913,8003.565078223615,1359.2148821486496,414.2543367313492,22,6,ATTACK
8681,58,328,696020.6180537923,2337.12081910433,415.3567310667134,1060.4647311835743,21,6,ATTACK
84897,44,267,153895.90633985505,5400.1191460451055,1475.282209072833,94.0344324327988,22,6,ATTACK
83880,173,361,815833.1249906177,8800.790875614583,211.06729207313762,1259.0077385340035,21,6,ATTACK
71296,160,229,224440.57183666067,6508.773690471941,303.0235026037349,5.729883987874662,443,17,BENIGN
88615,173,270,223817.6148226231,5329.577865513353,276.3372588570392,370.23580380285335,23,6,ATTACK
11112,317,316,536974.4228934136,3243.337531153756,1340.9845650118057,1111.3560842281072,443,6,BENIGN
37505,303,286,592939.9348417032,3330.0191305819794,981.4388284874428,474.40522459396016,3389,6,ATTACK
1803,149,291,580086.2078378112,6694.869551981901,228.15642483340932,152.8385820990203,21,6,ATTACK
8156,80,213,91486.83739775488,9941.393612211676,660.4851275525235,540.3508782006418,3389,17,ATTACK
73657,374,165,877460.8626303803,6618.391898493786,922.947037604703,405.5899295767883,3306,6,ATTACK
39385,213,5,265600.04258870607,5577.834173700249,125.19612748407494,1264.0678532408324,80,6,BENIGN
47255,203,339,129514.92128280418,7306.505102392461,1323.624552611008,470.0218763777147,3389,6,ATTACK
21919,252,379,888748.0798689772,4652.056122837182,1205.4053031623027,1183.3987076640108,3306,6,ATTACK
85982,229,78,955651.4982297533,601.4234260078522,757.8101603649574,1337.808217216102,22,17,ATTACK
60714,164,410,862127.6172654507,5622.968158779098,1450.6899228887557,650.7261293647942,443,6,BENIGN
30307,227,62,809516.0747248781,9576.252845053801,626.6414689126495,1364.914715781588,22,17,ATTACK
16647,147,132,655241.9806390217,1753.0294235765964,1476.1654785547466,565.9770809447892,80,6,BENIGN
46844,20,89,550857.3706091393,6900.048908206657,1001.8799982054406,1446.1176247351623,21,17,ATTACK
96602,441,237,86986.75991141013,2009.3368865905647,952.0069098809122,133.9342867883594,3306,17,ATTACK
90736,402,42,408453.2130706987,5358.276844730813,248.9323429436775,1030.5288997548641,23,6,ATTACK
16372,47,89,372688.517012314,966.7644964671962,1322.891637456966,740.721060685393,3389,6,ATTACK
77372,233,402,259753.78376032622,4503.709362581852,641.2345318809228,581.4732081834705,21,17,ATTACK
2050,305,296,723420.113688585,7561.633288952461,243.35010867371903,949.0678181229014,23,17,ATTACK
31617,14,328,495875.7350787708,3475.7152423898206,18.91127996363856,1055.7856374514968,53,6,BENIGN
20933,143,295,81046.21590764793,6649.11724487218,839.6335254575739,6.544904475463631,3389,17,ATTACK
29856,415,104,220183.20194981134,7954.499607897292,791.0994331840145,250.4296331207981,22,17,ATTACK
61435,1,14,683258.763659596,9271.778194794526,1079.0304335537378,1069.569075951478,443,17,BENIGN
72695,373,288,76130.85949030018,2346.4208185545353,1335.3870795267032,999.5781203673097,3306,6,ATTACK
43017,54,179,851206.9140487687,3993.1591580930813,119.10987696454428,1449.071257693016,80,17,BENIGN
7401,374,125,495146.5270139743,1524.1601333041742,1097.2447355105435,1141.5566853761745,80,17,BENIGN
42643,259,422,480586.577326648,9924.835021583753,281.1179161463733,1426.1590615970072,22,17,ATTACK
15152,144,353,592407.7846595176,9270.009679242954,1287.2655797357459,1053.8107523022104,445,6,ATTACK
51408,471,23,824680.9659251492,5399.571302805596,1228.5952707924841,447.07831295916475,80,6,BENIGN
66691,441,63,347809.20790219307,8420.332943764213,811.1906324783166,158.0473833762847,3306,17,ATTACK
4500,459,143,678016.1525590635,5209.579772720422,1065.3641979349673,1172.7357950174035,22,6,ATTACK
6296,12,481,565731.963995791,6235.856880027597,471.5251697756226,966.2238322138738,21,17,ATTACK
59041,330,153,267028.27016942133,891.2443211601661,706.7518483992219,72.27901858994434,80,6,BENIGN
12184,224,145,878629.986355158,7552.7042049680795,1232.4553465657075,540.0756988514675,22,6,ATTACK
29300,272,225,797426.0216069281,1277.1348363523482,688.8977957598208,1435.1997232264293,3306,17,ATTACK
12875,456,495,658451.8346584255,8260.676302525284,536.6973979881627,750.6017185653018,3389,6,ATTACK
32712,358,450,850581.7290942419,7820.280876703859,741.3186708754498,649.093704029557,3389,6,ATTACK
5540,460,462,867294.2009598024,7087.446977429764,1242.3738786558276,686.549407738941,80,6,BENIGN
53352,408,309,708362.9767150348,361.60380524762115,502.8120710563091,313.32408600774556,443,17,BENIGN
61268,156,104,837013.328363672,3031.283559453286,260.6423897036157,553.0607562971928,3389,6,ATTACK
48355,373,104,697471.4616692837,2631.1256991084288,1068.021030496171,554.719883980765,443,6,BENIGN
2558,8,435,680140.7717603004,3601.364074715191,1238.9673190621227,78.53253028120861,21,17,ATTACK
38361,122,39,618611.3782151843,876.4274676383855,150.9562177853,1151.3514427768773,22,6,ATTACK
82019,348,435,752716.6395576412,9369.578230310628,359.8111691339171,624.7566478558184,23,6,ATTACK
2201,164,198,158605.1052930737,5538.022407123763,212.95798464149084,1233.269830224635,3306,6,ATTACK
68498,90,134,880870.7591989285,3055.2431065802352,521.9121173732499,1275.522001679843,22,6,ATTACK
46976,136,67,871843.527745232,3969.815170742834,675.526468358119,317.9910820479871,3306,6,ATTACK
21358,186,391,29247.283034559146,4472.025405048356,1123.2395054449596,986.0302232551928,21,17,ATTACK
77506,316,179,825816.7505647626,6005.943333606173,976.7213773225112,708.4227062444726,53,17,BENIGN
2870,178,456,128869.86747344519,5156.794276964978,931.3928512176468,1320.2351068822277,80,6,BENIGN
61136,28,42,335118.8542591419,9193.919732144173,528.5624199144816,323.6110187646812,3306,6,ATTACK
50109,220,448,743508.2562916077,4969.634829058303,1262.1713296271398,1016.7198004650663,3306,6,ATTACK
94180,357,15,160759.8960483082,9921.580148233126,706.9307510972468,911.6281833790839,443,17,BENIGN
90273,41,111,817967.0241190622,8514.249577450957,1468.6574070227318,442.9522163577492,22,17,ATTACK
38468,228,157,832134.1779577419,2085.105143573358,951.2132074436053,204.9013554767589,53,6,BENIGN
23329,192,289,507467.7337608362,9305.952146439162,189.3971123467541,977.4596407159148,445,6,ATTACK
91413,411,478,6385.87171683358,1163.663978854761,1014.266343113151,1107.8961871984961,80,17,BENIGN
86832,447,231,287038.1331749128,8174.497084911915,487.65602314754847,473.441015645025,23,6,ATTACK
3988,145,411,616926.9183757422,3806.232934765801,1029.490795029146,967.2489060334707,445,17,ATTACK
58872,201,420,981186.1780274234,8779.743204450695,104.46172224360862,592.6963614172549,22,17,ATTACK
22400,417,157,631813.5270166683,8680.566901074504,262.32215576393907,1069.8103249239266,80,6,BENIGN
46215,212,38,259803.5810641598,8059.254001176211,1283.6058883586795,298.82291234107964,3306,17,ATTACK
99523,461,441,634005.7030996113,7900.304363070613,340.7693355352723,1335.3225039542615,23,6,ATTACK
86417,220,97,539985.3797158555,3046.791390980408,1255.56168786441,431.1143946983696,443,6,BENIGN
70272,240,485,779845.3951511435,809.1928305125218,418.9141326816156,551.6789816342293,53,6,BENIGN
44065,413,411,106980.63882695841,4029.8017876516146,964.3228650880615,87.13792812052468,443,6,BENIGN
70092,397,439,761027.902502028,1735.2451498650867,1041.2258602647464,167.2683184819146,21,6,ATTACK
40819,46,289,541266.5786761102,6949.510889024617,768.9821297175794,773.7928540684921,80,6,BENIGN
45526,35,254,962992.0038589947,3460.9972653778555,457.9660150450969,401.3890150919572,443,17,BENIGN
19831,253,196,341872.16603868606,9756.10200859915,318.9665645566442,1253.2203386132915,445,17,ATTACK
17430,390,86,632621.8931339481,6409.72077345332,49.78403184363933,22.040082982430764,443,17,BENIGN
6894,82,322,932028.1055100175,8224.80563634361,455.9196018610857,568.6410730079043,3389,17,ATTACK
79910,371,10,102509.72799067925,1325.2467274184842,979.7441857969245,506.018320153639,21,6,ATTACK
47334,256,5,937228.4872364511,8620.144822726226,1407.457227672724,28.99144637640155,22,17,ATTACK
3437,197,123,687885.7223008133,9227.571905133944,1306.806723394578,186.55259850076533,53,17,BENIGN
74291,303,330,67837.05910517191,4870.619188189359,1149.0971648029538,620.4640123779529,21,17,ATTACK
76214,409,353,300963.5669468162,6062.529377509774,1182.671014879948,739.2968766711699,3389,6,ATTACK
5896,450,118,708172.0886452816,7648.0980090299545,997.4773552139928,606.4346208823036,80,17,BENIGN
19739,10,294,67350.6014687717,1748.3862726041255,390.4302863490045,796.4065176181407,445,6,ATTACK
30747,312,397,582170.4601762732,5025.660764634425,1360.7925460587448,892.6975123585223,53,17,BENIGN
49378,286,159,345883.0569529567,3986.6302777231313,1006.0984678587511,14.885731691753445,53,6,BENIGN
48405,242,303,620915.5177674771,1463.739921622491,840.66094647066,696.1427391802558,21,6,ATTACK
54046,251,228,45742.03381251285,3675.3442229153143,166.4842038202216,1445.2488613313824,80,17,BENIGN
97889,365,365,871536.8061523762,681.7230938549357,670.5833157096381,778.5484201943231,3306,6,ATTACK
39791,5,216,973488.969177397,258.11906949486985,690.5374068028894,1016.3134011884298,3389,6,ATTACK
5601,119,436,968877.8552856914,1351.6628915482277,1296.845414284005,467.7957868753248,3306,17,ATTACK
94661,289,184,749651.8317429248,9631.151115891738,819.9723302816827,1160.9870672291438,445,17,ATTACK
93180,374,15,130086.24013063197,5495.295358950169,570.6008234556144,1159.3822228141726,80,17,BENIGN
40765,65,157,758263.1959290226,9658.221611532199,1465.200492765989,781.9440714812084,80,6,BENIGN
74544,146,136,24586.916458801512,4324.97878330132,166.08088998947352,1464.0207349188204,3389,6,ATTACK
45715,224,261,22123.551528997254,3118.1613308525957,633.8226424679169,188.32532214398006,23,6,ATTACK
56836,239,157,323610.2191495412,5061.418628402441,63.03701275710794,25.42149733437149,3306,17,ATTACK
73745,177,47,488643.1904046658,4395.116886329101,1109.8561811503955,1155.2373176356439,443,6,BENIGN
56492,267,324,770407.4178077932,1056.6468426174392,1377.114828298726,1210.7333060473238,53,6,BENIGN
18590,341,332,683295.3766065051,6408.2631469020625,420.05599432573416,180.31084368086437,23,6,ATTACK
43485,282,173,445902.70637674833,2160.381825095996,1287.5125151986813,398.3742494379091,443,6,BENIGN
82990,63,130,273626.66628166585,6195.879548978296,438.3273456928466,26.328545049943365,3389,6,ATTACK
36213,217,411,997124.5001577111,6502.010923981534,1366.1552424658728,439.96291617084705,53,6,BENIGN
43526,342,95,426181.30223597295,1520.248531286481,1130.942855395176,1159.7128108780073,22,6,ATTACK
47203,315,115,451387.0243296755,613.4962711066815,1207.360165262158,776.9407915688685,443,17,BENIGN
32636,283,243,163623.82119166918,7807.615860684398,27.00983340068175,522.1433897524321,23,17,ATTACK
63209,177,420,794809.5487499294,4598.0042376932015,1444.2155356110388,557.6089423594955,443,17,BENIGN
33829,461,292,693682.2257814886,581.6379550547579,1090.006488105485,2.030438573202231,443,6,BENIGN
18712,417,282,220769.6127887604,9948.663171697672,457.1266430792,449.70079134785385,3389,6,ATTACK
3421,98,299,82381.0456158427,577.8056099636664,1244.0919972882705,969.6881124568957,3306,17,ATTACK
96753,105,283,680499.302074713,6950.352288585532,422.28179762239495,1461.2916657245357,22,6,ATTACK
302,99,69,654511.2142811352,9836.789252634137,1309.130759349192,1270.5912404758492,3389,17,ATTACK
45237,385,148,273259.5269982093,2391.801042159256,168.87058561790553,35.39244696829369,445,6,ATTACK
66236,405,11,950863.5622504103,1422.4936868719617,1055.5289661911936,1347.840907012259,3389,6,ATTACK
54241,496,254,151057.89178090025,1213.849394224289,811.0477149673656,1174.797619947939,53,17,BENIGN
65727,311,330,432334.80104260193,3032.7514756759556,144.80170529316123,1170.5641853564707,22,17,ATTACK
10493,6,360,943615.9201675989,1010.458110106467,362.8407423882585,686.9936385053572,80,17,BENIGN
6103,476,38,419727.3169261223,6921.613416941319,18.606054415972185,597.0079394317543,445,17,ATTACK
50337,465,134,638525.9476640855,622.9179813006269,703.1519481967588,454.37359324978894,21,17,ATTACK
85315,197,200,397594.3979627943,5094.2212814978975,451.8978911400006,98.54228843154867,3389,6,ATTACK
26642,351,23,274215.20234867005,9966.968538529767,897.5362264466382,342.3530452405487,443,6,BENIGN
34585,133,303,983977.6479598283,8139.7026950601885,445.8567115629258,369.9054524670369,3306,6,ATTACK
32746,358,346,409334.006315043,6152.194382310109,449.878667260477,726.1156045653024,80,17,BENIGN
23094,259,302,894099.2036791344,3062.536207866117,1114.789798097405,1121.166609895041,3389,17,ATTACK
66106,437,363,229954.6058910862,6238.958362916384,72.21425396753017,710.7147425969199,3389,17,ATTACK
51886,23,396,213104.7040250833,5270.414639116516,1354.3424927879807,86.76667417074091,23,17,ATTACK
36632,485,218,31134.08288451136,4260.833838903714,1278.3958115867722,1436.6847014823059,23,17,ATTACK
72992,53,141,651666.825375885,1307.1037674019947,1001.7070248396097,1414.0864786411685,80,17,BENIGN
4015,165,104,368526.34372376115,8866.042152404667,889.8323551610764,1177.7843147226126,23,6,ATTACK
11094,202,446,864358.2498396371,4497.846488213225,1338.4537472094783,1486.991852346331,443,6,BENIGN
18071,458,210,473209.90669155715,1946.2251182076507,277.99526929307166,816.7234992003944,445,6,ATTACK
35778,83,473,968193.4279147218,3677.5935087728963,118.45374328624291,1444.152525379809,21,6,ATTACK
56959,145,481,185525.51570312114,4141.29752528927,359.26525486430717,113.40756092512616,22,6,ATTACK
82075,85,111,868623.1679556108,8275.378955668742,1191.8674180502853,548.521122392057,21,17,ATTACK
10730,78,104,776596.8527917417,7336.1438056140205,52.005400089724986,338.07190201014873,21,17,ATTACK
99714,457,316,770921.844644052,7693.048936413398,874.2102526252345,293.749626201405,22,17,ATTACK
45018,366,171,844783.2281168876,110.31264428647214,1493.1562742869648,211.2044233390141,23,17,ATTACK
66321,1,460,761023.9909429989,4161.539981797615,1283.5441407563092,933.620462348995,80,17,BENIGN
27752,51,492,626220.3216314154,4813.441516353237,782.1685335653842,1171.9827836209577,22,17,ATTACK
78070,173,356,131244.87768238757,191.92276823056687,95.46136392996351,867.447599130541,53,6,BENIGN
54749,205,496,32526.179491251918,2598.132087450342,1247.0602715785647,220.4440643823145,445,17,ATTACK
5802,260,324,920847.8478156868,7602.89823122135,898.4677622658158,1216.6856549002064,3306,17,ATTACK
19191,446,133,616650.3145207381,1371.0970572899905,172.39949558935024,953.9320607455927,23,17,ATTACK
49690,449,376,796537.2909761763,5353.101314525917,140.7859272350343,582.2485591904933,22,17,ATTACK
50994,369,293,481522.3515125501,2152.018720172375,1364.4402291548886,1011.1954433040944,53,6,BENIGN
29593,488,328,117308.18896239447,121.20774643893273,1003.8003944071177,389.85746886424926,3306,6,ATTACK
10648,288,127,125185.79220255044,2412.014575995415,1243.9301989751334,517.7883127413157,445,17,ATTACK
8717,34,106,685565.2872289714,9758.737549100539,1318.468350423401,1376.2287646979853,445,6,ATTACK
88892,348,497,430305.8948994627,8015.371118829896,857.6585280724834,435.7567585071306,23,6,ATTACK
87546,95,92,200524.72670033673,9595.766443210334,776.1695276325619,704.9824022369049,22,17,ATTACK
89913,72,287,491594.5467414369,4878.540439263625,645.6411154814853,1335.211706094022,80,17,BENIGN
70317,39,378,64208.93707513409,1097.3619867750351,475.41988168667893,1061.5820254012913,445,17,ATTACK
2369,154,393,581971.4019143988,5479.59488973693,651.8939412880677,93.30483924705413,80,17,BENIGN
77576,250,51,268993.40443509765,4543.773345599609,1160.8194835952345,220.9545664184555,80,17,BENIGN
6656,162,29,797559.1006371882,8443.570827396159,902.8851465226974,11.762386157875227,23,6,ATTACK
70032,438,462,310361.9589235738,980.8258078424459,1338.7849349322692,946.382685343745,3306,17,ATTACK
76430,118,296,455220.1490818012,4882.411370217782,665.0700215687816,671.5101381156275,3389,17,ATTACK
91084,259,297,11620.539908100636,1500.4866469398426,910.634368078131,201.4122763534133,21,17,ATTACK
87923,379,214,72446.88779455888,3246.7592689005996,946.9613296379831,1436.9011815851557,21,6,ATTACK
55767,306,267,392493.5564066848,7373.5707738779965,887.5457434594883,794.4895859184298,445,17,ATTACK
13404,268,407,479938.83471712354,4760.181293687665,1053.9506596282745,362.83994116933377,3389,17,ATTACK
32098,449,257,600020.5481193038,3758.8828514576935,356.1502025622094,750.9053567320614,3306,17,ATTACK
78658,54,302,291662.5787093032,3944.762785700353,768.545666318686,1019.4304991026617,3389,6,ATTACK
10967,236,101,694981.8861265426,4594.467684059867,156.3372042125215,114.35882696034672,23,17,ATTACK
99158,389,405,860122.3971892046,7850.165438370569,576.7669914672189,412.055722571838,445,17,ATTACK
93849,478,346,779850.9888933498,8920.846889402344,731.5006029318967,1210.4482363259904,80,17,BENIGN
52922,222,110,39618.825348357146,9553.346865039282,978.3363893182087,689.4973056039919,445,6,ATTACK
49727,251,420,480506.94725782896,7869.033862552951,1425.7965788793053,819.8657130484423,21,17,ATTACK
50301,313,182,104930.17841817487,3154.068957480127,900.9765998225338,649.2240033142039,3306,17,ATTACK
22678,401,471,242045.01586252748,6881.347060865422,1115.3908742648398,65.84991396450768,3389,17,ATTACK
55610,112,313,986662.5932671465,4376.031240553919,759.3990892428042,248.6246697302339,3306,6,ATTACK
96826,255,1,142495.54290151322,2546.7062204605118,951.156047064497,668.3124581128363,23,17,ATTACK
56662,303,319,498888.15345135605,8408.715794259226,106.39832420066014,313.77819811189175,445,17,ATTACK
31025,407,438,618155.7343181191,384.26348962324994,381.5873712627705,74.9685429895181,22,17,ATTACK
70314,207,55,702464.970544104,9017.619921354235,542.779639807708,1265.4744960777357,445,6,ATTACK
53007,229,371,559648.6834869141,4614.7746462473415,708.7400325097703,1471.7887937461737,80,6,BENIGN
95286,341,424,9770.84741918366,6372.014768082804,68.4731182535756,1189.7143109951091,445,17,ATTACK
15339,398,399,326461.30824399187,6593.539222057827,210.03614632997653,1280.6773825570006,53,6,BENIGN
68028,66,149,517711.6433847114,8951.177407065365,415.22146168695866,362.96569547556805,23,6,ATTACK
92773,75,431,87866.49914483336,6366.696821672073,1457.299036351576,1440.9404632697997,443,6,BENIGN
80136,435,457,350626.93120918074,6139.335847600618,497.0205106545761,295.3885566801426,23,17,ATTACK
19509,103,309,33203.10879136656,666.5204056068997,723.0615871681238,1427.1447155427484,3389,17,ATTACK
3052,422,137,78578.49715502074,5184.080219452041,294.1465691075894,1492.2289409489265,443,6,BENIGN
48748,192,202,396923.2762015961,1501.6900081704166,916.1701066136524,1067.584208619073,3389,6,ATTACK
87143,252,436,132715.75404306035,7374.337687214856,421.02482327396143,1471.715597687733,3389,6,ATTACK
87236,226,313,567540.8482615581,5122.219208126745,310.4888676576402,854.3096693506556,80,17,BENIGN
54022,294,117,689464.9691372657,6802.277792083533,774.8589426689686,389.3126747641355,80,17,BENIGN
66413,306,154,800586.6991090828,416.72900602384266,8.258698740631232,655.4938284984313,21,6,ATTACK
58336,98,425,200150.2442448101,847.9201604580322,11.496048973837992,890.3414030681789,21,6,ATTACK
56180,338,291,167482.58225906975,7163.233880626823,328.6032136527867,109.62234304052248,22,6,ATTACK
32094,286,63,104567.84033440026,720.8433599867336,55.082043751231716,933.5148969258692,443,6,BENIGN
69679,335,244,636430.2495436367,712.567277652586,162.03863119603707,1471.7667551434417,3306,17,ATTACK
80739,347,25,706475.7264869012,121.0847523488745,508.2909740081274,285.1614746755914,445,6,ATTACK
39735,435,90,31586.144825642037,9565.0139829948,1203.8785193697192,1188.892674432575,445,17,ATTACK
72616,447,75,936212.2462436898,7375.08359459007,858.0729650539513,1361.848190669429,3389,6,ATTACK
73524,482,294,51971.28365147241,3532.5140850206417,769.0015889346246,1415.5523892303313,21,6,ATTACK
94477,308,386,541296.3353010705,2965.355812876552,440.23323481218245,1440.2034066081708,3389,6,ATTACK
17020,249,391,709060.5194509164,3497.0322974584956,1397.6305791492246,782.1894580822079,53,6,BENIGN
83614,166,210,870969.1237460856,7746.535311811818,595.5225618557876,1465.9618619872556,53,6,BENIGN
91795,481,475,714086.9321324278,6613.706110704144,130.63915019365723,1135.9653107016584,3306,17,ATTACK
86673,472,418,801728.0830697918,1851.9556786746793,925.5997741767019,242.50715435544285,80,6,BENIGN
73848,335,347,339450.19254280603,1741.0933533408436,170.7575902149021,715.350159701955,80,6,BENIGN
82751,30,17,814825.1137465122,983.9564971339731,517.8347142025382,1077.4967630580059,21,6,ATTACK
79635,247,128,80114.84638467514,6603.027197013382,761.1179080767133,371.010473728625,21,17,ATTACK
28252,106,427,894816.6560605277,7643.726622217359,1311.3337870277637,960.922775323331,53,17,BENIGN
25946,51,443,547592.3761537363,2650.4642832500404,740.319870510178,999.9007185699288,80,17,BENIGN
90853,81,364,817297.7699624937,209.44961030912813,1053.3881490474964,244.04961571284883,443,17,BENIGN
32218,133,251,452318.28451830015,821.7166747642734,1489.2252584986056,847.6279686791344,443,6,BENIGN
8309,285,179,643577.695196525,9678.600348450305,197.23367984697242,1157.4403664679116,21,6,ATTACK
5950,388,182,526402.6609361132,2954.4477747742026,412.09728827927927,748.3434968039129,3389,6,ATTACK
51991,138,152,731589.5217553319,7692.231478381336,591.8641133964696,18.154675164161137,80,17,BENIGN
1151,184,25,81629.98203058957,6246.635688542638,632.7422678082471,13.557703618938266,443,6,BENIGN
89481,401,455,60352.0839905638,3819.396396528959,616.5316128983186,535.5440159550183,80,6,BENIGN
74741,330,180,247103.23401014644,2056.872621955551,1361.4165038348324,1389.291102647673,23,17,ATTACK
66618,273,198,159544.68011318834,1213.8641815940643,1071.0489667002846,343.01516940541313,445,17,ATTACK
94842,340,344,871783.5665922017,6150.129680388666,911.8578211360556,951.5455333075307,53,17,BENIGN
16897,472,161,219213.9873580443,7746.33780637788,464.0590767941731,333.1138060399809,80,6,BENIGN
46176,69,177,975865.2558191313,6439.042535411307,1235.685576331942,482.50498448932296,445,6,ATTACK
7806,34,285,336895.79177110683,5303.021332491583,1432.5907672274834,1272.063134402226,23,17,ATTACK
5238,262,63,182117.9156886993,419.51223431636265,1231.7974238253398,1093.2921634049203,80,6,BENIGN
20057,53,491,789698.5071424792,9684.887775943838,2.3476577872093563,143.09891596981595,21,17,ATTACK
45544,450,150,658707.7755008761,7987.1419165457455,954.6020552751105,643.0530314796504,445,17,ATTACK
56557,205,154,498195.716453139,2928.2203670096474,76.70307216315109,43.7546454678967,80,6,BENIGN
3344,126,156,555363.5509376313,9799.703293588507,386.4108305005828,721.3352199045135,445,17,ATTACK
13501,235,370,719201.7782722638,6018.815896363221,89.28705052165753,993.6510175516021,23,17,ATTACK
53223,43,469,228454.74133129872,5824.226582072465,905.6931794240816,177.75393539722734,80,17,BENIGN
29376,240,49,996333.916056742,7480.731794295321,1029.8848702389103,433.3274083637485,80,6,BENIGN
9663,459,455,974793.1621467831,8117.697880901375,171.73145709885767,596.7549382532354,80,17,BENIGN
16965,371,337,650325.6863469369,6564.786073315026,575.7583245674692,1379.2965369840747,3306,17,ATTACK
59639,111,84,199542.45092914512,1280.9574636620002,684.354763433313,1489.882523134446,21,17,ATTACK
73667,249,361,680228.2424312913,3382.675059944984,553.5795326413748,67.36694849342378,23,17,ATTACK
85068,151,177,72198.40897917585,9280.836403260497,181.53750072778956,1141.511885243088,3306,17,ATTACK
67216,183,148,30652.502205806064,2246.156118438519,628.4216852812132,557.5860996035149,3389,17,ATTACK
69043,336,118,257682.88851121368,3721.670238375133,1126.7670717126273,588.6872793442201,3306,17,ATTACK
13285,95,342,462622.9567393163,4320.7688294419595,106.5114967998832,1131.397460020534,53,6,BENIGN
72790,459,476,868272.5054083805,4394.049896944522,120.27002112285517,1377.639648218113,53,6,BENIGN
84665,374,63,727169.0697663081,6129.395824945255,532.1569377539763,1426.3928917538226,80,17,BENIGN
93469,400,189,742706.521199981,9430.758377447077,1412.5885674283875,865.6838790574811,3306,6,ATTACK
61390,8,360,425493.33444807533,2406.9271183250494,1002.8589700843711,535.6817389507543,3389,6,ATTACK
9436,388,49,345934.9925469629,1215.0137630091806,1018.0049350088472,1181.323628788169,3306,17,ATTACK
54341,360,327,371038.7629846027,1974.704898599373,542.8799862567975,376.5020748934504,21,6,ATTACK
44079,388,257,987649.5637360578,8869.249002092694,890.4911868128077,846.1110432502767,21,17,ATTACK
78833,184,224,40109.19141248248,6458.10812655206,15.196776041615067,537.8676922873098,3389,17,ATTACK
